[{"id":4,"name":"BGCheckeredCircle","scale":0.01},{"id":8,"name":"BGCheckeredSquare","scale":0.01},{"id":9,"name":"CircleAoE","scale":0.01},{"id":13,"name":"Gaze","scale":0},{"id":14,"name":"Stack","scale":0},{"id":15,"name":"LineStack","scale":0},{"id":16,"name":"Proximity","scale":0.01},{"id":18,"name":"GLD","scale":0},{"id":19,"name":"PGL","scale":0},{"id":20,"name":"MRD","scale":0},{"id":21,"name":"LNC","scale":0},{"id":22,"name":"ARC","scale":0},{"id":23,"name":"CNJ","scale":0},{"id":24,"name":"THM","scale":0},{"id":25,"name":"ACN","scale":0},{"id":26,"name":"ROG","scale":0},{"id":27,"name":"PLD","scale":0},{"id":28,"name":"MNK","scale":0},{"id":29,"name":"WAR","scale":0},{"id":30,"name":"DRG","scale":0},{"id":31,"name":"BRD","scale":0},{"id":32,"name":"WHM","scale":0},{"id":33,"name":"BLM","scale":0},{"id":34,"name":"SMN","scale":0},{"id":35,"name":"SCH","scale":0},{"id":36,"name":"NIN","scale":0},{"id":37,"name":"MCH","scale":0},{"id":38,"name":"DRK","scale":0},{"id":39,"name":"AST","scale":0},{"id":40,"name":"SAM","scale":0},{"id":41,"name":"RDM","scale":0},{"id":42,"name":"BLU","scale":0},{"id":43,"name":"GNB","scale":0},{"id":44,"name":"DNC","scale":0},{"id":45,"name":"RPR","scale":0},{"id":46,"name":"SGE","scale":0},{"id":47,"name":"Tank","scale":0},{"id":48,"name":"Tank1","scale":0},{"id":49,"name":"Tank2","scale":0},{"id":50,"name":"Healer","scale":0},{"id":51,"name":"Healer1","scale":0},{"id":52,"name":"Healer2","scale":0},{"id":53,"name":"DPS","scale":0},{"id":54,"name":"DPS1","scale":0},{"id":55,"name":"DPS2","scale":0},{"id":56,"name":"DPS3","scale":0},{"id":57,"name":"DPS4","scale":0},{"id":60,"name":"SmallEnemy","scale":0.01},{"id":62,"name":"MediumEnemy","scale":0.01},{"id":64,"name":"LargeEnemy","scale":0.01},{"id":65,"name":"Attack1","scale":0.006666666666666667},{"id":66,"name":"Attack2","scale":0.006666666666666667},{"id":67,"name":"Attack3","scale":0.006666666666666667},{"id":68,"name":"Attack4","scale":0.006666666666666667},{"id":69,"name":"Attack5","scale":0.006666666666666667},{"id":70,"name":"Bind1","scale":0.006666666666666667},{"id":71,"name":"Bind2","scale":0.006666666666666667},{"id":72,"name":"Bind3","scale":0.006666666666666667},{"id":73,"name":"Ignore1","scale":0.006666666666666667},{"id":74,"name":"Ignore2","scale":0.006666666666666667},{"id":75,"name":"Square","scale":0.006666666666666667},{"id":76,"name":"Circle","scale":0.006666666666666667},{"id":77,"name":"Plus","scale":0.006666666666666667},{"id":78,"name":"Triangle","scale":0.006666666666666667},{"id":79,"name":"WaymarkA","scale":0.01},{"id":80,"name":"WaymarkB","scale":0.01},{"id":81,"name":"WaymarkC","scale":0.01},{"id":82,"name":"WaymarkD","scale":0.01},{"id":83,"name":"Waymark1","scale":0.01},{"id":84,"name":"Waymark2","scale":0.01},{"id":85,"name":"Waymark3","scale":0.01},{"id":86,"name":"Waymark4","scale":0.01},{"id":87,"name":"SymbolCircle","scale":0.01},{"id":88,"name":"SymbolCross","scale":0.01},{"id":89,"name":"SymbolTriangle","scale":0.01},{"id":90,"name":"SymbolSquare","scale":0.01},{"id":94,"name":"UpArrow","scale":0.01},{"id":101,"name":"VPR","scale":0},{"id":102,"name":"PCT","scale":0},{"id":103,"name":"Rotate","scale":0.01},{"id":106,"name":"StackMulti","scale":0},{"id":107,"name":"ProximityPlayer","scale":0},{"id":108,"name":"Tankbuster","scale":0.0025},{"id":109,"name":"RadialKnockback","scale":0.01},{"id":110,"name":"LinearKnockback","scale":0.01},{"id":111,"name":"Tower","scale":0.0025},{"id":112,"name":"TargetingIndicator","scale":0.0025},{"id":113,"name":"Enhancement","scale":0},{"id":114,"name":"Enfeeblement","scale":0},{"id":115,"name":"Attack6","scale":0.006666666666666667},{"id":116,"name":"Attack7","scale":0.006666666666666667},{"id":117,"name":"Attack8","scale":0.006666666666666667},{"id":118,"name":"MeleeDPS","scale":0},{"id":119,"name":"RangedDPS","scale":0},{"id":120,"name":"PhysicalRangedDPS","scale":0},{"id":121,"name":"MagicalRangedDPS","scale":0},{"id":122,"name":"PureHealer","scale":0},{"id":123,"name":"BarrierHealer","scale":0},{"id":124,"name":"BGGrayCircle","scale":0.01},{"id":125,"name":"BGGraySquare","scale":0.01},{"id":126,"name":"MovingCircleAoE","scale":0},{"id":127,"name":"OnePersonAoE","scale":0.0025},{"id":128,"name":"TwoPersonAoE","scale":0.0025},{"id":129,"name":"ThreePersonAoE","scale":0.0025},{"id":130,"name":"FourPersonAoE","scale":0.0025},{"id":131,"name":"LockOnRed","scale":0.01},{"id":132,"name":"LockOnBlue","scale":0.01},{"id":133,"name":"LockOnPurple","scale":0.01},{"id":134,"name":"LockOnGreen","scale":0.01},{"id":135,"name":"HighlightedCircle","scale":0.01},{"id":136,"name":"HighlightedCross","scale":0.01},{"id":137,"name":"HighlightedSquare","scale":0.01},{"id":138,"name":"HighlightedTriangle","scale":0.01},{"id":139,"name":"RotateCW","scale":0.01},{"id":140,"name":"RotateCCW","scale":0.01}]